titles,category
나는 털 난 물고기 기괴한 데서 아름다움 찾아,Culture
녹유의 오늘의 운세 년생 고생이 보여 져도 소매를 걷어요,Culture
아지랑이가 피어 오르는 듯한 뇌혈관모야모야병 스트레스탈수 뇌압 상승으로 악화,Culture
손가락  손목 저리고 아프다면 손목터널증후군,Culture
날씨 내일도 초여름 더위 계속서울 대구 까지 올라,Culture
생활날씨 주말 맑고 낮 더위 계속곳곳 요란한 소나기,Culture
역류성 식도염 술기름진 음식 피해야최은경의 속담 건강학,Culture
날씨 제주 내일 낮 최고 도밤부터 해안 곳곳 안개,Culture
년째 해로하신 부모님 그 시작에 대한 글입니다,Culture
뉴스 날씨 내일 오후 남부에 소나기대체로 맑고 건조,Culture
코로나 백신 추가 접종 류마티스 환자 꼭 맞아야의술인술,Culture
치사율 최고  유럽발 원숭이두창 바이러스 공포,Culture
날씨 절기 소만 맑고 더워일부 지역 소나기,Culture
인 가족 한끼 만원호텔 뷔페값 계속 오르는 이유는,Culture
날씨 주말 더위 서울 도내륙 곳곳 소나기,Culture
야동 들킨 이후 음흉해 보이는 남편 이제 못 믿겠다딸 둔  고민,Culture
이른 더위 다음 주까지 이어져주말 화창,Culture
날씨 여름 시작 알리는 소만남부 도 안팎 더위,Culture
종합뉴스 날씨주말 도 육박한 더위오후 곳곳 소나기,Culture
이어폰 끼고 운동하면 귓속에 세균이 자란다,Culture
날씨 주말 소만 더위 시작첫 폭염 특보 가능성,Culture
헌트 분간 기립박수 쏟아져칸에서 빛난 정우성이정재,Culture
날씨소만 낮에 여름 더위대기 건조 계속,Culture
퇴근길 날씨 내일 오후 남부 소나기주말 맑고 강한 자외선,Culture
인도 분황사 총감독 유서쓰고 공사한국 사람 독하다 했을 것,Culture
이순신 장군 상륙 당시 천성진성 실체 추가 확인,Culture
그것이 알고 싶다  신기술인가 신기루인가,Culture
절 짓다가 유서까지 썼다 목숨 걸고 완공한 인도 분황사,Culture
금겹살 된 삼겹살물가안정 총력전 나선 정부,Culture
비만 폭증은 칼로리 섭취 외에도 화학물질 영향 탓,Culture
인도 한국사찰  불상 안치에 진땀중생 귀의처 되길,Culture
책마을 정부 경제 사령탑 키운 세 멘토 조순,Culture
보조금공유서비스전기 오토바이자전거 판매 훈풍,Culture
확진자 자가격리 주 연장 중고생 기말시험 응시땐 예외,Culture
한류 성공비결은 여성적 시선에 주목한 것,Culture
날씨 주말 초여름 더위내륙 곳곳 요란한 소나기,Culture
세 미만 자녀와 양국 무격리 사이판 여행 가능,Culture
 노숙자였던 내게 용기 준 주인 할머니  찾은 국숫집 다시 화제,Culture
한국은 투피스 중국은 원피스 한복공정 조목조목 반박한 이 사람 인터뷰,Culture
일진들아 교시는 참교육이다요즘 난리라는 이 웹툰,Culture
눈길 사로잡는 이색 술연예인이 만들었네,Culture
 이상행동 이면에 꾹 묻어둔 상처와 결핍,Culture
헬스 다이어트 성공 알리는 신호 가지,Culture
날씨 저녁까지 경기영서 북부 비 조금대기 건조 계속,Culture
영상 여름더위 시작 소만 거머리와 나일론 스타킹 이제야 다시 보는 절기 소만,Culture
커피 섭취량 계속 느는데 괜찮을까요,Culture
단독 바이든 만찬주로 바소 년산 오른다,Culture
날씨 초여름 더위 계속내일 곳곳 소나기,Culture
유서까지 미리 써뒀다처마 날아오르는 절 짓느라,Culture
한강뷰 아파트 시간 체험에 만원이미 차례 진행됐다,Culture
 떠날 땐 훌쩍 돌아올 땐 흔적 없이스텔스 차박 어때요,Culture
 아파트 싫어 집 지었더니 재건축축하받을 일일까,Culture
 열흘 그리고 년맛있는 매실을 위한 기다림,Culture
 당신이 먹은 전복이 비릿한 건 요리사 때문이다,Culture
 우리나라에서는 필요없지만미국 서부 등산 필수품 곰통,Culture
 심장이 뛴다 브라보 인수봉,Culture
확진자 격리 주 연장단 중고교생엔 예외 적용,Culture
넷플릭스 번방 추적 다큐 감독 당신들은 반드시 잡힌다,Culture
청주 충렬사 송상현 진품 유물 이젠 못 본다,Culture
안 사면 손해 유니클로 또 품절 대란아침 시부터 오픈런,Culture
격리의무 한 달 더 연장된다내달 일 재평가,Culture
길고 잦은 낮잠 알츠하이머병 징후일 수도 연구,Culture
대기업 총수들과 만나는 바이든 경제안보 강화종합,Culture
주말날씨일요일 대구 도 무더위토요일 일부 소나기,Culture
임종린의 세계와 미디어 속 포켓몬빵의 세계 대혼돈의 멀티버스위근우의 리플레이,Culture
쿠싱증후군 애디슨병 모두 부신에 생기는 질환 의사에게 듣는 질환 이야기,Culture
방한 첫 일정 삼성 찾는 바이든이재용 나노 반도체 선보일까,Culture
렌즈 속 김수환 추기경은 늘 고뇌하고 계셨죠,Culture
하이브 입열었다르세라핌 김가람 학폭 적극 해명,Culture
하이브 김가람도 학교폭력 피해자 르세라핌 당분간 인 활동,Culture
주마다 피팅룸서 인생샷확 바뀐 자라 매장 가보니르포,Culture
날씨 오늘도 때 이른 더위늦은 오후까지 호남 곳곳 소나기,Culture
바이든정의선 일 하얏트 회동 미래 사업 설명할 것,Culture
못 간 신혼여행 지금 떠날래요보복 여행 폭발,Culture
날씨 내일도 낮더위 이어져곳곳 비 살짝,Culture
아침은 삶은 달걀 내가 먹는 것은 몇 개,Culture
여성이 남성보다 살 빼기 어렵다,Culture
한국과 미국서 따로 자란 일란성 쌍둥이 가치관도 지능도 차이 벌어졌다,Culture
떠나고 싶다 여행 심리 직격하는  선 왓칭,Culture
한강뷰 아파트 시간에 만원이색 체험 프로그램 등장에 시끌,Culture
바이든 만나는 정의선 전기차로봇 논할까,Culture
유럽미국서 원숭이 두창 환자 발견 확산조짐치사율 최대 ,Culture
이용범의 행복심리학욕망은 왜 멈추지 않는가,Culture
만만원 방역지원금 언제이르면 월 중 가능,Culture
숏박스 연예 기자 풍자에 현실고증  불쾌,Culture
망각을 두려워 말라뇌 속의 잔디처럼 꽉찬 기억을 정리하는 과정책과 삶,Culture
날씨 오늘 낮 더위 호남 한때 소나기주말 맑고 남부 소나기,Culture
통행로의 적치물이 아니라 생계 공간의 사람입니다책과 삶,Culture
주장 개방된 백악산 너무 많은 철조망도 철거해야,Culture
고려인 난민 명 귀국 도왔는데 명 더 발동동그래도 돕는 이유,Culture
인도에 첫 한국사찰 준공 부다가야에 한송이 연꽃 피웠다,Culture
중국 테슬라 말고도 더 있다한반도 공습 거세진  전기차종합,Culture
바이든정의선 만난다현대차 조지아에 미 첫 전기차 공장,Culture
날씨 경주 도 낮더위 계속일부지역 비소나기,Culture
근육 하나도 없었다로버트 할리  희귀암 투병 중,Culture
뇌손상 환자의 염증반응 우울불안장애 악화시킨다,Culture
이정재정우성 맹수같은 육탄전칸 분 기립박수 터졌다,Culture
날씨 오늘 낮 더위 서울 호남 한때 소나기,Culture
시간과의 싸움뇌졸중에 대한 모든 것,Culture
오후날씨 꿀팁 초여름 더위 계속경기영서 비 조금,Culture
날씨 전국 구름 많고 낮더위곳곳 비소나기,Culture
날씨 이른 여름 더위 계속서울 낮 최고 도,Culture
테라루나  수익 보장 권도형 폰지 사기 혐의 수사 착수,Culture
명품 마르니 원피스가 만원대유니클로 아침 시부터 오픈런,Culture
걷기만 해도 두드러진 몸의 변화,Culture
오후날씨 꿀팁 경기영서 비 조금호남 소나기,Culture
년새 임신중독증 환자 산전 진료때 예방 관리해야,Culture
셀트리온 아바스틴 바이오시밀러 글로벌 특허 합의  번째 항암제 연내 출시 초읽기,Culture
날씨 오늘도 때 이른 더위 계속곳곳에 비,Culture
우리는 한대도 못 팔았는데  전기차 수입국 위 넘본다,Culture
세포기반 면역항암제 전체 암 연구  차지혈액암 넘어서 고형암 개발 확대될 것,Culture
단독  자사몰도 식용유 개로 제한사재기 때문에,Culture
어머니의 봄 부엌에는 고사리가 있었다,Culture
중국산 전기차 한반도 습격,Culture
날씨톡톡 봄과 초여름 사이낮더위 속 곳곳 비소나기,Culture
혈압 높은 사람이 먹으면 좋은 음식 ,Culture
라디오 고치는 노인과 반도체국과대표 특별한 인터뷰,Culture
삼겹살 아니에요 금겹살이라 불러주세요,Culture
그가 돌아왔다두 얼굴의 현수막 헤럴드 뷰,Culture
책 한 모금 새내기 지방러 명의 조언 탈서울 지망생입니다,Culture
조남호 코치 이것 모르면 지금 강의실 나가도 상관없어,Culture
이순신 장군의 전략 요충지 부산 가덕도 천성진성터 계단포루 발굴,Culture
스스로를 먹이고 살리는 일을 지속하기 위한 투쟁,Culture
서믿음의 책담 억 슈퍼리치 금수저였냐고 멘땅의 헤딩 개천용이다,Culture
거리두기 해제 후 삼겹살값 고공행진왜,Culture
우와 애들 잔막한다 참으로 반가운 말,Culture
상큼한 이 과일 입 냄새 제거에 도움,Culture
사망 위험 높이는 임신중독증 아세요,Culture
여성 포옹 후 스트레스 뚝 남성은 무관,Culture
천하제일의 복 받은 땅 경복궁 후원 베일 벗나,Culture
북한 개성에서 고려 충렬왕 추정 왕릉급 무덤 발견,Culture
그대가 조국 본 영화평론가 조국 진정 멘털 갑,Culture
한미 정상 만찬에 국립중앙박물관 임시 휴관관람객은 불만,Culture
왜 공부하는가무지한 나로부터 도망치기 위해,Culture
한방소식중년의 나잇살 어떻게 뺄까 버드나무한의원 손인석 원장 일  닥터스 출연,Culture
날씨 구름 많고 한낮 더위중북부 비 호남 소나기,Culture
김덕수 지도자는 말행동보다 중요한게 숨겨진 본색 국가 운명도 바꿔,Culture
코로나 이어 원숭이 두창 확산 우려 대규모 유행은 없을 것,Culture
사비도성 관문 백제 가림성의 성벽 원형 확인,Culture
백악관 바이든 일 정의선 현대차 회장 만난다,Culture
스위스 르포 변덕스런 스위스 아가씨는 우리를 허락하지 않았다,Culture
다리미판에 노트북을 올려놓고 쓴 실버 취준생 순자씨의 년 인생플랫,Culture
부여 가림성 성벽 원형 찾았다,Culture
무대 뒤 언더스터디 화려한 무대 뒤에 숨겨진 또 다른 주인공들,Culture
테슬라 억 달러 규모 자사주 매입해야,Culture
완치 불가능한 당뇨 이렇게 예방하세요,Culture
그동안 고마웠어  영화 구조견 루비 실제 모델 질병으로 안락사,Culture
오래된 경양식집 같은 곳약점을 장점으로없으면 안되는 곳으로,Culture
캐나다에서 마스크 안 썼는데 귀국 후 완전히 달라졌다,Culture
부여 가림성서 백제 성벽 드러났다석축 배수로도 확인,Culture
맡아놨다며 주차 자리에 서 있는 사람들어떻게 생각하십니까,Culture
날씨 오후 곳곳에 비 소식주말 맑고 더워,Culture
카드뉴스 서울에서 신라를 만나다,Culture
사비도성의 관문 백제 가림성의 성벽 원형 확인,Culture
날씨 초여름 더위 속 곳곳 비공기질 깨끗,Culture
원숭이두창 감염 확산세유럽북미서 잇따라 확진,Culture
두번 환승은 저승각과연 저 세상 칸이로구나,Culture
단독 애경 에이지투웨니스 단독몰로 힘준다뷰티몰 종료,Culture
굿모닝 날씨 때 이른 더위 계속낮 서울 경주 ,Culture
대구경북 한 낮 도 안팎 예상덥고 건조한 날씨,Culture
 오디션 우승 알렉사 저는 높은 곳을 좋아해요,Culture
날씨 오늘 구름 많고 낮 더위북부 비 호남 소나기,Culture
사비도성의 관문 백제 가림성의 성벽 원형 확인,Culture
신용석레인저가떴다 쏟아질 듯 장엄한 돌기둥 병풍세상속 내려앉았네,Culture
대 우주강국 내세운  바이든과 우주 협력 논의할 듯,Culture
쉬운 우리말 쓰기  올리 내리 하더니 이젠 청렴하,Culture
혈압 올리는 뜻밖의 원인  자연스럽게 낮추는 방법,Culture
이유 없이 자꾸 불안 일상생활 어렵다면 이 병,Culture
이순신장군 부산포해전 요충지 가덕도 천성진성 위용 드러났다,Culture
출근길 인터뷰 이번 주말 책 읽는 서울광장으로 놀러오세요,Culture
날씨 광주전남 구름 많고 곳곳 소나기대기 계속 건조,Culture
북적적뭔가 만들어내는 지식의 핵심은 뇌가 아니라 몸에 있다,Culture
태안 아파트 단지서 세 아이엄마 맹견에 물려 크게 다쳐,Culture
세계의 한국어 열풍허선행 교사의 년,Culture
나른한 봄날 간을 망치는 뜻밖의 것들과 간 해독 음식,Culture
소아청소년 갑자기 체중 감소했다면 이 질환 의심,Culture
창의성에는 기억보다 망각이 역할,Culture
제주날씨 흐리고 곳곳 약한 비 낮 최고 기온 도,Culture
한눈에 읽는 신간치열해진 왕좌의 게임 반도체 전쟁외,Culture
살찌지 않게 패스트푸드 잘 먹는 법,Culture
이순신 장군 전략적 요충지 천성진성 위용 드러났다,Culture
날씨 우산 챙기세요전국 곳곳에 빗방울  소나기,Culture
 찾은 국숫집무전취식 노숙자에 뛰지 마 다쳐 그 집,Culture
날씨 곳곳에 비 소식주말 대체로 맑아,Culture
날씨 낮더위 속 곳곳 비소나기주말 전국 맑음,Culture
과속급가속급정지 위험운전하면 교통사고 확률 높다,Culture
체중  줄이면 보이는 건강 효과들,Culture
극심한 두통에 눈물콧물 쏟는 이 질환 아세요,Culture
예술 취미 이것만 주의하면 건강 발레,Culture
비주얼 실화 충칭의 핫플로 떠오른 이곳 정체가,Culture
날씨 오늘도 초여름 더위중북부 비 호남 소나기,Culture
날씨클릭 전국 구름 많고 곳곳 비 소나기주말도 초여름 더위,Culture
신차 수급 대란에 인기 치솟았던 중고차 판매량시세 주춤 왜,Culture
베이진 시트라바티닙 병용요법 신장암 생존율 쑥,Culture
사고 차량 운전자 무사고 운전자보다 급가속 등 위험운전 배 더해,Culture
코로나도 아닌데 마른기침 유발하는 의외의 질환,Culture
출근길 날씨 오늘도 초여름 더위곳곳 약한 비,Culture
헬스 악성흑색종 한국인 발바닥에 많은 이유,Culture
튀지 않으면 다 죽어 편의점서 벌어지는 술 전쟁,Culture
만명이 본 윤석열 대통령 취임식 역대 최저 시청률일까   뉴스,Culture
경유 유세차 탄소도 뿜뿜 소나무 만그루 필요합니다 지구 뭐래,Culture
선거공보물 알고보니 공기까지 오염시킨다 지구 뭐래,Culture
현수막공보물유세차돈 쓰며 환경 해치는 선거운동 언제까지 지구 뭐래,Culture
단 주 위한 억짜리 쓰레기올해도 선거현수막 만장 쏟아진다 지구 뭐래,Culture
오늘은 미터피트킬로그램파운드알쏭달쏭 단위의 세계,Culture
코로나 북한 코로나 창궐 백신 지원이 어려운 이유는,Culture
최진태의 요가로 세상 보기  가르치는 것이 곧 배우는 것 스승과 제자,Culture
그래도 임대차 법 폐지는 반대합니다,Culture
매일 단 게 당긴다 당신도 중독일 수 있습니다,Culture
날씨 전국 구름 많고 낮 더위중북부 비 호남 소나기,Culture
단 보름 만에 세상에 나온 우크라이나의 전쟁일기,Culture
마약 투약 로버트 할리 근황 희귀암 걸려 다리 배 됐다,Culture
가성비 버리고 고급화전동화현대차  잡는다,Culture
 년산 로얄 안동소주도 있다고,Culture
미국판 황우석 그 허상의 포장 벗겨내다 언박싱,Culture
 소주 오픈런 해봤나요 마실 땐 우아하게,Culture
망각은 축복 머리보다 몸 당신이 알던 뇌를 뒤집다,Culture
세상의 욕망이 세운 열녀문 조선의 청춘 죽음으로 내몰렸나김별아의 도시 기행문서울을 걷는 시간,Culture
생식기까지 온몸 수포 퍼진 전염병 원숭이두창,Culture
글로벌 메이커에 전기차 기술 이식저가 이미지 벗고  침투,Culture
여성에게 치명적인 이 암 조기진단도 어렵다,Culture
맛대맛 건강곡물 보리  귀리같은 듯 다른 매력 속으로,Culture
 풀린 태국 베트남은 격리 없앴다일본 여행은 언제쯤,Culture
무전취식 손님 내게 희망 준 분 찾은 국숫집 감동 사연,Culture
아메리칸 송 콘테스트 우승한 팝 가수 알렉사 아직도 실감 안 나고 꿈만 같아,Culture
아픈 아이들 그 엄마들과 함께 울다,Culture
아트페어마다 역대 최고 매출 숫자 믿을 수 있나,Culture
배우 고두심 주는 기쁨 안 해본 사람은 몰라요,Culture
힘들어도 내 아이 내 손으로 당당한  미혼모,Culture
역경의 열매 이양구  원하는 곳에 가라 축복기도 하나님의 뜻이라 생각,Culture
박성민의 정치 포커스 승복이냐 불복이냐 지방선거는 대선 연장전,Culture
저자와의 만남 잠들기 전 자녀와 누워 드리는 가정예배의 기쁨,Culture
세기말 조선 두만강 국경전쟁 근대 동아시아의 시작,Culture
온라인 성도 제대로 품자 온라인교회교구가 생겼다,Culture
이유 없이 불안감이 엄습한다면  범불안장애 의심해야,Culture
로버트 할리 희귀암 앓고 있다 이 종양 뭐길래,Culture
근영아 어서 돌아와전교생이 한마음 아살세,Culture
라인 날씨 낮 더위 계속오늘 전남제주 소나기,Culture
적군이었던 기억 차마 말 못할 아픔을 삼키다,Culture
소설 남편 죽이는 법 작가년 뒤 실제 남편 살해 혐의,Culture
전기차 평정한 현대차그룹제네시스 테슬라 턱밑 추격,Culture
북한 발열환자 만명 만명 넘을 수도중국식 정책방역정보 우려,Culture
녹유 오늘의 운세 년생 솔직하지 못하면 미움이 박혀요,Culture
날씨 내일도 초여름 더위제주도  비,Culture
붓다 성지 찾은 조계종 순례단보리수 아래 차별은 없었다종합,Culture
날씨와 생활 성인 명 중 명 비만이렇게 해보세요,Culture
르세라핌 김가람 학폭 피해자 등장가해 사실  유리한 입장 발표,Culture
소주 한잔 임창정도 소주 만든다완판남 박재범과 격돌,Culture
아아 속 얼음 어기적 치아 이렇게 됩니다,Culture
생활날씨 밤 수도권 요란한 비내일 흐리고 더위 계속,Culture
이근 치료 위해 한국행다시 우크라이나로 갈 것,Culture
한국인은 왜 발바닥에 피부암이 많이 발생할까,Culture
노인성 치매 유발하는 또 다른 원인 밝혔다 뇌 속 맥락얼기 부피 증가 탓,Culture
단독웃돈 줘도 사겠다더니가격 뚝 쏘렌토싼타페 중고차 푸틴 나비효과 때문,Culture
음주운전 김새론 자필 사과문 공개 너무 부끄럽습니다 전문,Culture
음주운전 김새론 자필 사과스스로도 실망 반성 또 반성할 것,Culture
날씨 전국 곳곳 소나기큰 일교차 주의하세요,Culture
광복군  독수리 작전 훈련 사진 첫 공개,Culture
크론병 대 이하 젊은 환자가  육류패스트푸드 탓,Culture
종합뉴스 날씨내일 오늘보다 높은 기온곳곳 요란한 소나기,Culture
날씨 밤 사이 수도권 곳곳 비낮엔 다소 더워요,Culture
먹튀 노숙자에 뛰지마 다쳐 이 간 국숫집 그 식당이었다,Culture
여성 암 사망  차지하는 가장 독한 난소암,Culture
청와대 미남 석불 고향 경주로 반환을,Culture
여성 사랑에 약한 존재 남녀 껴안으면 여성만 스트레스 뚝,Culture
설사복통 반복 과민성 대장증후군 아닌 이 질환 의심,Culture
이유 없이 가슴이 뛰고 불안해요 범불안장애 전 국민의 가 겪어,Culture
속보 이근 치료 위해 한국 귀국한다,Culture
날씨 구름 낀 오후 당분간 메마른 대기주말 다시 맑아,Culture
 구두 만든 대표강남의 이모부였다,Culture
날씨 내일 흐리고 낮 더위 계속곳곳 비소나기,Culture
광주전남 내륙 소나기우산 챙기세요,Culture
프듀 광탈후 미국판 유로비전 뒤집었다헤메 말 쓰는 미국인,Culture
날씨 내일 흐리고 낮더위건조함 계속 화재 유의,Culture
꼭 출근 때문일까 이유 없이 불안한 이유,Culture
대안문 인화문현판으로 읽는 조선의 이상,Culture
날씨 광주전남 낮 기온 쑥쑥오후  미만 소나기,Culture
유럽차 간판 건 지리차전기차시장 공략 통할까,Culture
날씨 대전 낮 최고 기온 도건조주의보 확대,Culture
한옥에 반달곰까지 나만 알고픈 국립공원 내 숙소 반전 가격이,Culture
광복군  독수리 작전 훈련 사진 첫 공개,Culture
날씨 내일도 때 이른 더위수도권제주 빗방울,Culture
날씨 제주 내일 흐리고 비산지 최대 ,Culture
퇴근길 날씨 오늘 밤 수도권  비대기 건조 화재 유의,Culture
코리안 드림 품은 채 이주노동자 눈물로 짓는 밥상,Culture
국밥이 위염 유발한다는데 사실일까,Culture
카카오엔터 타파스래디쉬 합병 북미 사업 신 성장동력,Culture
빨간 책방 년만에 굿바이책방 장례식 잘 치러야죠,Culture
이지선 교수 온통 암흑이라고요 조금 기다리면 해피엔딩이 올 거예요,Culture
코로나 이후 온라인 교회가 온다,Culture
식용유 공급  사재기 말라는데그럼 가격은,Culture
붓다가 첫 가르침 펼친 인도 사르나트 찾은 조계종 순례단,Culture
광주의 년 시간이 들려준다 도시 정치가 나아갈 길을,Culture
혼다 첫 전기차 엔솔 배터리로 달린다,Culture
당뇨환자 발 관리 필수상처 주만 방치해도 절단 위험 건강톡,Culture
르세라핌 김가람 학폭 피해자 나섰다차 가해로 극단적 선택 시도,Culture
날씨 내일 흐리고 곳곳 소나기낮 최고 서울 도대구 도,Culture
책꽂이 무릎 꿇을 용기보적 성공 이끌다,Culture
독을 푸는 데는 감두탕에 이 최고,Culture
날씨 초여름 더위 기승늦은 밤 수도권 비 소식,Culture
소주 대전 치열하겠네임창정 박재범 이어 소주 출시,Culture
책꽂이잊는 것도 뇌의 기능망각 상실땐 자폐증 불러,Culture
건강 팁 유방암 여성암 위가족력 있으면 매년 검사 받아야,Culture
나는 점짜리 엄마 그걸 인정할때 아이도 편해져,Culture
시간에 만원한강뷰 아파트 체험 놓고 시끌,Culture
야외 나들이 전 온 가족 건강 위해 이것 챙겨야,Culture
퇴근길 날씨 오늘 밤 수도권  비낮 더위 계속,Culture
추정가 억짜리 그림인데분 만에 경매가 억 반전,Culture
 대통령 이번에도 용산 그랜드 하얏트 묵는다하루 숙박비용이,Culture
서울의 새로운 핫플 청와대 역사 알고 가면 더 흥미로워,Culture
오늘 밤부터 곳곳에 적은 양의 비내일도 더워,Culture
쌀로 만든 파스타일본 밀 가격 치솟자 쌀가루에 눈길,Culture
날씨 내일 한낮 초여름 더위기온 갈수록,Culture
리오프닝 여름성경학교 고민 메타버스 다윗프로젝트 눈길,Culture
미술시장 완전정복 인기 현대미술가 제프 쿤스와 무라카미  부활 이끌까,Culture
욱신욱신 어깨 통증치료 후 재발 막으려면 운동 필수,Culture
눈치게임이 뭐예요테마파크 년 덕후의 줄 안 서는 꿀팁,Culture
연애시절 불같던 그이는 어디 갔을까 별별심리,Culture
퇴근길날씨구름많은 하늘오후 늦게  미만 빗방울,Culture
대한항공 한 자리 선착순이요하늘의 별따기 된 비행기표,Culture
영혼 없는 춤사위로 만뷰에버랜드 뒤집은 알바생,Culture
영국 이어 미국서도 원숭이 두창 환자 발생,Culture
코로나 감염 후 백신 맞으면 장기 후유증 가능성 감소한다,Culture
은행 가 돈으로 패악질 이건 월급에 없는 일입니다,Culture
미국서 코로나 경증 앓은 명 중 명 롱코비드 앓는다,Culture
꽃구경 지겹다면 당장 이 밭으로 달려가세요,Culture
등산 다녀온 후 발 찌릿만명 앓는 이 병 건강톡,Culture
느슨해진 내연계에 긴장감을토요타 후륜 수동 의 존재감,Culture
여주 주어사지서 건물터 동고대 인도문자 기와 확인,Culture
현대차 대통령실 용산 와버려서  차질,Culture
야채주스가 뜻밖의 나트륨 폭탄 음식 ,Culture
뇌 속 이것 크면 알츠하이머 치매 위험 커져,Culture
말로만 듣던 내가 병이 시작되었습니다 코로나 베이비 시대 양육 고군분투기,Culture
지방 빼기위한 무리한 감량 입냄새 유발한다,Culture
김건희 여사 고가 휴지 논란실제 가격 얼마,Culture
날씨 내일도 때 이른 더위 계속수도권 곳곳 빗방울,Culture
김건희 슬리퍼 이어 휴지 주목노란색 컬러 휴지 얼마길래,Culture
왕을 죽인 형제들은 여자들이 없는 곳에서 국가를 만들었다 모색한다 공존,Culture
명 이상 자녀 둔 부모 두 자녀 부모보다 년 더 늙는다,Culture
날씨 낮 더위 여전내일 곳곳 비 소나기,Culture
박재범 소주 없어서 못 팔더니임창정도 뛰어들었다,Culture
 측 송해 전국노래자랑 하차 아직 정해진 것 없다,Culture
엔솔 배터리 혼다 전기차에 탑재,Culture
폐경 쉬쉬하세요 적극적 관리가 필수,Culture
최고의 온몸운동 팔굽혀 펴기 정복법,Culture
망각은 싸워야 할 대상 아냐 행복하기 위해서 꼭 필요한 과정,Culture
구글이 쏘아올린 공카카오웹툰 이용료도 오른다,Culture
가방 비싸니 주스라도 마셔볼까디올 카페 예약전쟁,Culture
루나테라 폭락사태 이해 안 된다면코인 좀 아는 사람 신간,Culture
대통령집무실 남측 용산공원 부지 시범 개방내일부터 예약,Culture
카카오웹툰도 인앱결제 가격인상천캐시 천원천원,Culture
미 연구팀 오미크론에 감염돼도 백신 안 맞으면 다른 변이 면역효과 없어,Culture
단양 문수사 불상서 핀 우담바라승려신도들 상서로운 징조,Culture
날씨 구름 많고 때 이른 더위한우 축제 즐겨요,Culture
용산공원 부지 일부터 시범개방대통령 집무실 앞뜰도 관람종합,Culture
제의 뇌 장이 건강하지 않다는 신호는,Culture
스토리추적  뭐든 다 사드려요미성년자 노리는 댈구는 무엇,Culture
김삿갓 이몽룡 불티나게 팔린 이 소주를 아십니까 전통주 주저리 주저리,Culture
필수 미네랄 철분 풍부한 식품 ,Culture
육퇴로 지친 마음 달래는 아빠의 글 비혼 독자 마음도 돌려 마음청소,Culture
